{"loss":{"0":1.0831209421,"1":0.8929211497,"2":0.8447663784,"3":0.8092979193,"4":0.7748591304,"5":0.7559722662,"6":0.7439790368,"7":0.7209974527,"8":0.7162210345,"9":0.6928536296,"10":0.7091719508},"accuracy":{"0":0.5268325806,"1":0.6270526648,"2":0.6529541016,"3":0.6673438549,"4":0.6857964993,"5":0.6959539652,"6":0.700524807,"7":0.7137295008,"8":0.7115287185,"9":0.7188081741,"10":0.7147452235},"val_loss":{"0":0.9182469249,"1":0.8331882954,"2":0.8382980227,"3":0.7516425848,"4":0.711905539,"5":0.7266706228,"6":0.6800580025,"7":0.6329339147,"8":0.6727769971,"9":0.6503366232,"10":0.6564503908},"val_accuracy":{"0":0.6259765625,"1":0.69140625,"2":0.66015625,"3":0.7099609375,"4":0.71875,"5":0.7119140625,"6":0.744140625,"7":0.7578125,"8":0.755859375,"9":0.7548828125,"10":0.7421875}}