,precision,recall,f1-score,support
0,0.768,0.64,0.6981818181818182,300.0
1,0.6972972972972973,0.4215686274509804,0.5254582484725051,306.0
2,0.606973058637084,0.945679012345679,0.7393822393822392,405.0
3,0.8734693877551021,0.7133333333333334,0.7853211009174312,300.0
accuracy,0.700228832951945,0.700228832951945,0.700228832951945,0.700228832951945
macro avg,0.7364349359223707,0.6801452432824981,0.6870858517384986,1311.0
weighted avg,0.7258870160545557,0.700228832951945,0.6905346351732785,1311.0
