{"loss":{"0":1.1213103533,"1":0.9144234657,"2":0.8540297747,"3":0.8304689527,"4":0.7937720418,"5":0.7784850597,"6":0.7594564557,"7":0.7515253425,"8":0.7385838628,"9":0.7195768356,"10":0.721193552,"11":0.7054581046,"12":0.7011951804,"13":0.7000963092,"14":0.6991565824},"accuracy":{"0":0.5085491538,"1":0.6175723672,"2":0.6429659724,"3":0.6456746459,"4":0.6714068055,"5":0.6724225283,"6":0.691890955,"7":0.6915524006,"8":0.6912137866,"9":0.6988319159,"10":0.7015405297,"11":0.7154223919,"12":0.7042492032,"13":0.7089893222,"14":0.7164381146},"val_loss":{"0":0.9871870279,"1":0.9199477434,"2":0.8512422442,"3":0.8155730367,"4":0.7600917816,"5":0.7511871457,"6":0.7199760675,"7":0.7226597071,"8":0.7064922452,"9":0.6785509586,"10":0.6719700098,"11":0.6463842392,"12":0.6772819757,"13":0.6580340862,"14":0.6595948935},"val_accuracy":{"0":0.607421875,"1":0.642578125,"2":0.6591796875,"3":0.67578125,"4":0.7060546875,"5":0.7177734375,"6":0.71484375,"7":0.724609375,"8":0.7314453125,"9":0.73828125,"10":0.7392578125,"11":0.759765625,"12":0.7373046875,"13":0.748046875,"14":0.7470703125}}