{"loss":{"0":1.0884135962,"1":1.0681021214,"2":1.0587120056,"3":1.0558751822},"accuracy":{"0":0.4586838186,"1":0.4661058784,"2":0.4646214843,"3":0.4661058784},"val_loss":{"0":1.0692552328,"1":1.0418159962,"2":1.0355552435,"3":1.0361413956},"val_accuracy":{"0":0.5343750119,"1":0.5343750119,"2":0.5343750119,"3":0.5343750119}}