{"loss":{"0":0.7102993131,"1":0.3906679153,"2":0.2624803483,"3":0.1931477487,"4":0.1308410317,"5":0.0884377584,"6":0.0723929852},"accuracy":{"0":0.7357512712,"1":0.8520207405,"2":0.9007253647,"3":0.9313989878,"4":0.953989625,"5":0.9687046409,"6":0.9761658311},"val_loss":{"0":0.8978402615,"1":1.5620719194,"2":0.8312460184,"3":0.6595898867,"4":0.8753659129,"5":1.0963793993,"6":1.0535362959},"val_accuracy":{"0":0.649038434,"1":0.4735576808,"2":0.7163461447,"3":0.8125,"4":0.7512019277,"5":0.769230783,"6":0.753605783}}