{"loss":{"0":1.1675875187,"1":0.7968251705,"2":0.6921009421,"3":0.6371381283,"4":0.6030994654,"5":0.5689687729,"6":0.5202710032,"7":0.5026047826},"accuracy":{"0":0.5185492039,"1":0.6543005109,"2":0.7007253766,"3":0.7141969204,"4":0.7425906658,"5":0.7490155697,"6":0.7722280025,"7":0.7890155315},"val_loss":{"0":1.9509162903,"1":3.2396008968,"2":1.3644702435,"3":0.7303364873,"4":0.7281988859,"5":0.7486619353,"6":0.8770876527,"7":0.6836477518},"val_accuracy":{"0":0.4483173192,"1":0.2908653915,"2":0.496394217,"3":0.711538434,"4":0.7439903617,"5":0.699519217,"6":0.6730769277,"7":0.7139422894}}