{"loss":{"0":1.1257328987,"1":0.8671725988,"2":0.7540796399,"3":0.6835705042,"4":0.6353223324,"5":0.5945155025,"6":0.5765260458,"7":0.5611616373,"8":0.5254294276,"9":0.5283945203,"10":0.5013472438,"11":0.4887453914,"12":0.4598068595,"13":0.4710806906},"accuracy":{"0":0.5401036143,"1":0.6489118934,"2":0.6994818449,"3":0.7311916947,"4":0.7498445511,"5":0.7697409391,"6":0.7778238058,"7":0.7892227769,"8":0.7956476808,"9":0.7989637256,"10":0.8140932918,"11":0.8130570054,"12":0.828186512,"13":0.8227979541},"val_loss":{"0":10.1070384979,"1":10.4475345612,"2":4.0613713264,"3":1.0216445923,"4":0.737668395,"5":0.7879059315,"6":0.7357604504,"7":0.7477554083,"8":0.7259753942,"9":0.6752213836,"10":0.6570964456,"11":0.650514245,"12":0.6119155884,"13":0.7010440826},"val_accuracy":{"0":0.28125,"1":0.2752403915,"2":0.3485576808,"3":0.6394230723,"4":0.753605783,"5":0.7235577106,"6":0.7512019277,"7":0.7632211447,"8":0.7403846383,"9":0.7860577106,"10":0.7908653617,"11":0.7800480723,"12":0.789663434,"13":0.769230783}}