{"loss":{"0":1.2783193588,"1":1.0915997028,"2":0.9882701039,"3":0.9255895615,"4":0.8888376951,"5":0.8452075124,"6":0.8031699657,"7":0.7875444293,"8":0.7821067572,"9":0.7480608225},"accuracy":{"0":0.3891992569,"1":0.5188758969,"2":0.5647537112,"3":0.5865921974,"4":0.5991196632,"5":0.6180802584,"6":0.6451612711,"7":0.6343321204,"8":0.6573556662,"9":0.670221746},"val_loss":{"0":1.1744167805,"1":1.0738562346,"2":0.94710958,"3":0.8946706653,"4":0.9374771118,"5":0.8585298061,"6":0.7409722209,"7":0.8057821393,"8":0.7807816267,"9":0.708737433},"val_accuracy":{"0":0.5107421875,"1":0.5556640625,"2":0.6181640625,"3":0.658203125,"4":0.6455078125,"5":0.6640625,"6":0.69140625,"7":0.67578125,"8":0.6943359375,"9":0.7001953125}}