{"loss":{"0":0.664847672,"1":0.3695797026,"2":0.2802718878,"3":0.1770559847,"4":0.1442980319,"5":0.0997468159,"6":0.0546410196,"7":0.1237065867,"8":0.0607724003},"accuracy":{"0":0.7427979112,"1":0.8607254028,"2":0.901761651,"3":0.937823832,"4":0.9533678889,"5":0.9689119458,"6":0.981554389,"7":0.9653885961,"8":0.9769948125},"val_loss":{"0":1.4687244892,"1":1.4568772316,"2":0.5532135963,"3":0.8372557759,"4":0.7250263691,"5":0.65323627,"6":1.4255950451,"7":0.7836465836,"8":0.7755321264},"val_accuracy":{"0":0.3894230723,"1":0.5372596383,"2":0.8233172894,"3":0.8076922894,"4":0.8149038553,"5":0.8305288553,"6":0.7451922894,"7":0.8028846383,"8":0.820913434}}